-- phpMyAdmin SQL Dump
-- version 3.5.8.2
-- http://www.phpmyadmin.net
--
-- Počítač: wm100.wedos.net:3306
-- Vygenerováno: Pon 18. led 2016, 07:23
-- Verze serveru: 10.0.21-MariaDB
-- Verze PHP: 5.4.23

SET SQL_MODE="NO_AUTO_VALUE_ON_ZERO";
SET time_zone = "+00:00";


/*!40101 SET @OLD_CHARACTER_SET_CLIENT=@@CHARACTER_SET_CLIENT */;
/*!40101 SET @OLD_CHARACTER_SET_RESULTS=@@CHARACTER_SET_RESULTS */;
/*!40101 SET @OLD_COLLATION_CONNECTION=@@COLLATION_CONNECTION */;
/*!40101 SET NAMES utf8 */;

--
-- Databáze: `d18905_hpcz`
--

-- --------------------------------------------------------

--
-- Struktura tabulky `basket`
--

CREATE TABLE IF NOT EXISTS `basket` (
  `id` int(24) NOT NULL AUTO_INCREMENT,
  `ip` varchar(255) COLLATE utf8_bin NOT NULL,
  `timestamp` int(20) NOT NULL,
  `count` text COLLATE utf8_bin NOT NULL,
  `item` text COLLATE utf8_bin NOT NULL,
  `color` text COLLATE utf8_bin NOT NULL,
  `comment` text COLLATE utf8_bin NOT NULL,
  `doprava` int(11) NOT NULL DEFAULT '1',
  `jmeno` varchar(255) COLLATE utf8_bin NOT NULL,
  `prijmeni` varchar(255) COLLATE utf8_bin NOT NULL,
  `firma` varchar(255) COLLATE utf8_bin NOT NULL,
  `ic` varchar(255) COLLATE utf8_bin NOT NULL,
  `dic` varchar(255) COLLATE utf8_bin NOT NULL,
  `adresa` varchar(255) COLLATE utf8_bin NOT NULL,
  `mesto` varchar(255) COLLATE utf8_bin NOT NULL,
  `psc` varchar(10) COLLATE utf8_bin NOT NULL,
  `jmeno_dodaci` varchar(255) COLLATE utf8_bin NOT NULL,
  `prijmeni_dodaci` varchar(255) COLLATE utf8_bin NOT NULL,
  `adresa_dodaci` varchar(255) COLLATE utf8_bin NOT NULL,
  `mesto_dodaci` varchar(255) COLLATE utf8_bin NOT NULL,
  `psc_dodaci` varchar(10) COLLATE utf8_bin NOT NULL,
  `postovne` int(15) NOT NULL,
  `mail` varchar(255) COLLATE utf8_bin NOT NULL,
  `tel` varchar(255) COLLATE utf8_bin NOT NULL,
  `done` tinyint(1) NOT NULL DEFAULT '0',
  PRIMARY KEY (`id`)
) ENGINE=InnoDB  DEFAULT CHARSET=utf8 COLLATE=utf8_bin AUTO_INCREMENT=7 ;

--
-- Vypisuji data pro tabulku `basket`
--

INSERT INTO `basket` (`id`, `ip`, `timestamp`, `count`, `item`, `color`, `comment`, `doprava`, `jmeno`, `prijmeni`, `firma`, `ic`, `dic`, `adresa`, `mesto`, `psc`, `jmeno_dodaci`, `prijmeni_dodaci`, `adresa_dodaci`, `mesto_dodaci`, `psc_dodaci`, `postovne`, `mail`, `tel`, `done`) VALUES
(1, '89.103.193.208', 1452009628, '_;_7_;_10', '_;_36_;_329', '', '', 1, 'poiuytre', 'wertyui', '', '', '', 'mnbvcx', 'mnbvc', 'tgfd', '', '', 'fsdafasdf', 'fsadfsad', 'fsadfads', 0, 'ununik@gmail.com', '', 1),
(2, '89.103.193.208', 1452009689, '', '', '', '', 1, '', '', '', '', '', '', '', '', '', '', '', '', '', 0, '', '', 0),
(3, '89.103.195.25', 1452026294, '_;_5_;_4', '_;_298_;_326', '', '', 2, 'm', 'p', '', '', '', 't', 't', 't', '', '', '', '', '', 0, 'ununil@gmail.com', '', 1),
(4, '89.103.195.25', 1453043744, '_;_4_;_2', '_;_221_;_290', '', '', 5, '', '', '', '', '', '', '', '', '', '', '', '', '', 0, '', '', 0),
(5, '85.70.153.164', 1452068365, '', '', '', '', 1, '', '', '', '', '', '', '', '', '', '', '', '', '', 0, '', '', 0),
(6, '83.69.39.134', 1453041119, '', '', '', '', 1, '', '', '', '', '', '', '', '', '', '', '', '', '', 0, '', '', 0);

-- --------------------------------------------------------

--
-- Struktura tabulky `category`
--

CREATE TABLE IF NOT EXISTS `category` (
  `id` int(10) NOT NULL AUTO_INCREMENT,
  `cz` varchar(255) CHARACTER SET utf8 COLLATE utf8_czech_ci NOT NULL,
  `en` varchar(255) COLLATE utf8_bin NOT NULL,
  PRIMARY KEY (`id`),
  UNIQUE KEY `id` (`id`)
) ENGINE=InnoDB  DEFAULT CHARSET=utf8 COLLATE=utf8_bin AUTO_INCREMENT=6 ;

--
-- Vypisuji data pro tabulku `category`
--

INSERT INTO `category` (`id`, `cz`, `en`) VALUES
(1, 'Polyesterové chyty', 'Polyester holds'),
(2, 'Epoxy chyty', 'Epoxy holds'),
(3, 'Speciální chyty', 'Special holds'),
(4, 'Doplňky', 'Accessories'),
(5, 'Jiné', 'Others');

-- --------------------------------------------------------

--
-- Struktura tabulky `colors`
--

CREATE TABLE IF NOT EXISTS `colors` (
  `id` int(3) NOT NULL AUTO_INCREMENT,
  `color` varchar(10) CHARACTER SET latin1 NOT NULL,
  `cz` varchar(100) CHARACTER SET utf8 COLLATE utf8_czech_ci NOT NULL,
  `en` varchar(100) CHARACTER SET latin1 NOT NULL,
  PRIMARY KEY (`id`)
) ENGINE=InnoDB  DEFAULT CHARSET=utf8 COLLATE=utf8_bin AUTO_INCREMENT=10 ;

--
-- Vypisuji data pro tabulku `colors`
--

INSERT INTO `colors` (`id`, `color`, `cz`, `en`) VALUES
(1, '#FFFFFF', 'bílá', ''),
(2, '#fbd782', 'světlý okr', ''),
(3, '#ffe700', 'žlutá', ''),
(4, '#f0862d', 'oranžová', ''),
(5, '#ff0000', 'červená', ''),
(6, '#001eff', 'modrá', ''),
(7, '#129614', 'zelená', ''),
(8, '#656565', 'šedá', ''),
(9, '#000000', 'černá', '');

-- --------------------------------------------------------

--
-- Struktura tabulky `doprava`
--

CREATE TABLE IF NOT EXISTS `doprava` (
  `id` int(15) NOT NULL AUTO_INCREMENT,
  `cz` varchar(255) CHARACTER SET utf8 COLLATE utf8_czech_ci NOT NULL,
  `en` varchar(255) CHARACTER SET latin1 NOT NULL,
  `cenaZaGram` float NOT NULL,
  `cenaZaJdenBalik` float NOT NULL,
  PRIMARY KEY (`id`)
) ENGINE=InnoDB  DEFAULT CHARSET=utf8 COLLATE=utf8_bin AUTO_INCREMENT=6 ;

--
-- Vypisuji data pro tabulku `doprava`
--

INSERT INTO `doprava` (`id`, `cz`, `en`, `cenaZaGram`, `cenaZaJdenBalik`) VALUES
(1, 'Platba předem - balík Na poštu', '', 0.004, 72),
(2, 'Platba předem - balík Do ruky', '', 0.004, 72),
(3, 'Dobírka - balík Na poštu', '', 0.004, 102),
(4, 'Dobírka - balík Do ruky', '', 0.004, 102),
(5, 'Osobní odběr', '', 0, 0);

-- --------------------------------------------------------

--
-- Struktura tabulky `item`
--

CREATE TABLE IF NOT EXISTS `item` (
  `id` int(15) NOT NULL AUTO_INCREMENT,
  `poradi` int(5) NOT NULL,
  `subcategory` int(10) NOT NULL,
  `cz` varchar(255) CHARACTER SET utf8 COLLATE utf8_czech_ci NOT NULL,
  `en` varchar(255) CHARACTER SET utf8 COLLATE utf8_czech_ci NOT NULL,
  `sklad` int(10) NOT NULL,
  `zakoupeno` int(10) NOT NULL,
  `cenaBezDPH` float NOT NULL,
  `cenaSDPH` float NOT NULL,
  `montazniPrvek` varchar(255) CHARACTER SET utf8 COLLATE utf8_czech_ci NOT NULL,
  `rozmery` varchar(255) CHARACTER SET utf8 COLLATE utf8_czech_ci NOT NULL,
  `popis` text CHARACTER SET utf8 COLLATE utf8_czech_ci NOT NULL,
  `poznamka` text CHARACTER SET utf8 COLLATE utf8_czech_ci NOT NULL,
  `hmotnost` int(15) NOT NULL,
  `img1` varchar(255) COLLATE utf8_bin NOT NULL,
  `img2` varchar(255) COLLATE utf8_bin NOT NULL,
  `img3` varchar(255) COLLATE utf8_bin NOT NULL,
  `img4` varchar(255) COLLATE utf8_bin NOT NULL,
  `img5` varchar(255) COLLATE utf8_bin NOT NULL,
  `dalsi_zbozi` varchar(255) COLLATE utf8_bin NOT NULL,
  PRIMARY KEY (`id`)
) ENGINE=InnoDB  DEFAULT CHARSET=utf8 COLLATE=utf8_bin AUTO_INCREMENT=332 ;

--
-- Vypisuji data pro tabulku `item`
--

INSERT INTO `item` (`id`, `poradi`, `subcategory`, `cz`, `en`, `sklad`, `zakoupeno`, `cenaBezDPH`, `cenaSDPH`, `montazniPrvek`, `rozmery`, `popis`, `poznamka`, `hmotnost`, `img1`, `img2`, `img3`, `img4`, `img5`, `dalsi_zbozi`) VALUES
(1, 0, 1, 'Mikro - 1', 'Micro - 1', 0, 0, 16, 19.4, 'vrut ø 3,5', '', '', '', 0, '', '', '', '', '', '327'),
(2, 0, 1, 'Mikro - 2', 'Micro - 2', 0, 0, 16, 19.4, 'vrut ø 3,5', '', '', '', 0, '', '', '', '', '', '327'),
(3, 0, 1, 'Mikro - 3', 'Micro - 3', 0, 0, 16, 19.4, 'vrut ø 3,5', '', '', '', 0, '', '', '', '', '', '327'),
(4, 0, 1, 'Mikro - 4', 'Micro - 4', 0, 0, 16, 19.4, 'vrut ø 3,5', '', '', '', 0, '', '', '', '', '', '327'),
(5, 0, 1, 'Mikro - 5', 'Micro - 5', 0, 0, 16, 19.4, 'vrut ø 3,5', '', '', '', 0, '', '', '', '', '', '327'),
(6, 0, 1, 'Mikro - 6', 'Micro - 6', 0, 0, 16, 19.4, 'vrut ø 3,5', '', '', '', 0, '', '', '', '', '', '327'),
(7, 0, 1, 'Mikro - 7', 'Micro - 7', 0, 0, 16, 19.4, 'vrut ø 3,5', '', '', '', 0, '', '', '', '', '', '327'),
(8, 0, 1, 'Mikro - 8', 'Micro - 8', 0, 0, 16, 19.4, 'vrut ø 3,5', '', '', '', 0, '', '', '', '', '', '327'),
(9, 0, 1, 'Mikro - 9', 'Micro - 9', 0, 0, 16, 19.4, 'vrut ø 3,5', '', '', '', 0, '', '', '', '', '', '327'),
(10, 0, 1, 'Mikro - 10', 'Micro - 10', 0, 0, 16, 19.4, 'vrut ø 3,5', '', '', '', 0, '', '', '', '', '', '327'),
(11, 0, 2, 'Mini - 1', 'Mini - 1', 0, 0, 20, 24.2, 'vrut ø 4', '', '', '', 0, '', '', '', '', '', '330'),
(12, 0, 2, 'Mini - 2', 'Mini - 2', 0, 0, 20, 24.2, 'vrut ø 4', '', '', '', 0, '', '', '', '', '', '330'),
(13, 0, 2, 'Mini - 3', 'Mini - 3', 0, 0, 20, 24.2, 'vrut ø 4', '', '', '', 0, '', '', '', '', '', '330'),
(14, 0, 2, 'Mini - 4', 'Mini - 4', 0, 0, 20, 24.2, 'vrut ø 4', '', '', '', 0, '', '', '', '', '', '330'),
(15, 0, 2, 'Mini - 5', 'Mini - 5', 0, 0, 20, 24.2, 'vrut ø 4', '', '', '', 0, '', '', '', '', '', '330'),
(16, 0, 2, 'Mini - 6', 'Mini - 6', 0, 0, 20, 24.2, 'vrut ø 4', '', '', '', 0, '', '', '', '', '', '330'),
(17, 0, 2, 'Mini - 7', 'Mini - 7', 0, 0, 20, 24.2, 'vrut ø 4', '', '', '', 0, '', '', '', '', '', '330'),
(18, 0, 2, 'Mini - 8', 'Mini - 8', 0, 0, 20, 24.2, 'vrut ø 4', '', '', '', 0, '', '', '', '', '', '330'),
(19, 0, 2, 'Mini - 9', 'Mini - 9', 0, 0, 20, 24.2, 'vrut ø 4', '', '', '', 0, '', '', '', '', '', '330'),
(20, 0, 2, 'Mini - 10', 'Mini - 10', 0, 0, 20, 24.2, 'vrut ø 4', '', '', '', 0, '', '', '', '', '', '330'),
(21, 0, 2, 'Mini - 11', 'Mini - 11', 0, 0, 20, 24.2, 'vrut ø 4', '', '', '', 0, '', '', '', '', '', '330'),
(22, 0, 2, 'Mini - 12', 'Mini - 12', 0, 0, 20, 24.2, 'vrut ø 4', '', '', '', 0, '', '', '', '', '', '330'),
(23, 0, 2, 'Mini - 13', 'Mini - 13', 0, 0, 20, 24.2, 'vrut ø 4', '', '', '', 0, '', '', '', '', '', '330'),
(24, 0, 2, 'Mini - 14', 'Mini - 14', 0, 0, 20, 24.2, 'vrut ø 4', '', '', '', 0, '', '', '', '', '', '330'),
(25, 0, 2, 'Mini - 15', 'Mini - 15', 0, 0, 20, 24.2, 'vrut ø 4', '', '', '', 0, '', '', '', '', '', '330'),
(26, 0, 3, 'S - a', 'S - a', 0, 0, 26, 31.2, 'vrut ø 5', '', '', '', 0, 'a.png', '', '', '', '', '328'),
(27, 0, 3, 'S - b', 'S - b', 0, 0, 26, 31.2, 'vrut ø 5', '', '', '', 0, 'b.png', '', '', '', '', '328'),
(28, 0, 3, 'S - c', 'S - c', 0, 0, 26, 31.2, 'vrut ø 5', '', '', '', 0, 'c.png', '', '', '', '', '328'),
(29, 0, 3, 'S - d', 'S - d', 0, 0, 26, 31.2, 'vrut ø 5', '', '', '', 0, 'd.png', '', '', '', '', '328'),
(30, 0, 3, 'S - e', 'S - e', 0, 0, 26, 31.2, 'vrut ø 5', '', '', '', 0, 'e.png', '', '', '', '', '328'),
(31, 0, 3, 'S - I', 'S - I', 0, 0, 26, 31.2, 'imbus M10 se zapuštěnou hlavou', '', '', '', 0, 'i.png', '', '', '', '', '329'),
(32, 0, 3, 'S - II', 'S - II', 0, 0, 26, 31.2, 'imbus M10 se zapuštěnou hlavou', '', '', '', 0, 'ii.png', '', '', '', '', '329'),
(33, 0, 3, 'S - III', 'S - III', 0, 0, 26, 31.2, 'imbus M10 se zapuštěnou hlavou', '', '', '', 0, 'iii.png', '', '', '', '', '329'),
(34, 0, 3, 'S - IV', 'S - IV', 0, 0, 26, 31.2, 'imbus M10 se zapuštěnou hlavou', '', '', '', 0, 'iv.png', '', '', '', '', '329'),
(35, 0, 3, 'S - V', 'S - V', 0, 0, 26, 31.2, 'imbus M10 se zapuštěnou hlavou', '', '', '', 0, 'v.png', '', '', '', '', '329'),
(36, 0, 3, 'S - VI', 'S - VI', 0, 0, 26, 31.2, 'imbus M10 se zapuštěnou hlavou', '', '', '', 0, 'vi.png', '', '', '', '', '329'),
(37, 0, 3, 'S - 1', 'S - 1', 0, 0, 26, 31.2, 'imbus M10', '', '', '', 0, '1.png', '', '', '', '', '326'),
(38, 0, 3, 'S - 2', 'S - 2', 0, 0, 26, 31.2, 'imbus M10', '', '', '', 0, '2.png', '', '', '', '', '326'),
(39, 0, 3, 'S - 3', 'S - 3', 0, 0, 26, 31.2, 'imbus M10', '', '', '', 0, '3.png', '', '', '', '', '326'),
(40, 0, 3, 'S - 4', 'S - 4', 0, 0, 26, 31.2, 'imbus M10', '', '', '', 0, '4.png', '', '', '', '', '326'),
(41, 0, 3, 'S - 5', 'S - 5', 0, 0, 26, 31.2, 'imbus M10', '', '', '', 0, '5.png', '', '', '', '', '326'),
(42, 0, 3, 'S - 6', 'S - 6', 0, 0, 26, 31.2, 'imbus M10', '', '', '', 0, '6.png', '', '', '', '', '326'),
(43, 0, 3, 'S - 7', 'S - 7', 0, 0, 26, 31.2, 'imbus M10', '', '', '', 0, '7.png', '', '', '', '', '326'),
(44, 0, 3, 'S - 8', 'S - 8', 0, 0, 26, 31.2, 'imbus M10', '', '', '', 0, '8.png', '', '', '', '', '326'),
(45, 0, 3, 'S - 9', 'S - 9', 0, 0, 26, 31.2, 'imbus M10', '', '', '', 0, '9.png', '', '', '', '', '326'),
(46, 0, 3, 'S - 10', 'S - 10', 0, 0, 26, 31.2, 'imbus M10', '', '', '', 0, '10.png', '', '', '', '', '326'),
(47, 0, 3, 'S - 11', 'S - 11', 0, 0, 26, 31.2, 'imbus M10', '', '', '', 0, '11.png', '', '', '', '', '326'),
(48, 0, 3, 'S - 12', 'S - 12', 0, 0, 26, 31.2, 'imbus M10', '', '', '', 0, '12.png', '', '', '', '', '326'),
(49, 0, 3, 'S - 13', 'S - 13', 0, 0, 26, 31.2, 'imbus M10', '', '', '', 0, '13.png', '', '', '', '', '326'),
(50, 0, 3, 'S - 14', 'S - 14', 0, 0, 26, 31.2, 'imbus M10', '', '', '', 0, '14.png', '', '', '', '', '326'),
(51, 0, 3, 'S - 15', 'S - 15', 0, 0, 26, 31.2, 'imbus M10', '', '', '', 0, '15.png', '', '', '', '', '326'),
(53, 0, 3, 'S - 16', 'S - 16', 0, 0, 26, 31.2, 'imbus M10', '', '', '', 0, '16.png', '', '', '', '', '326'),
(54, 0, 3, 'S - 17', 'S - 17', 0, 0, 26, 31.2, 'imbus M10', '', '', '', 0, '17.png', '', '', '', '', '326'),
(55, 0, 3, 'S - 18', 'S - 18', 0, 0, 26, 31.2, 'imbus M10', '', '', '', 0, '18.png', '', '', '', '', '326'),
(56, 0, 3, 'S - 19', 'S - 19', 0, 0, 26, 31.2, 'imbus M10', '', '', '', 0, '19.png', '', '', '', '', '326'),
(57, 0, 3, 'S - 20', 'S - 20', 0, 0, 26, 31.2, 'imbus M10', '', '', '', 0, '20.png', '', '', '', '', '326'),
(58, 0, 3, 'S - 21', 'S - 21', 0, 0, 26, 31.2, 'imbus M10', '', '', '', 0, '21.png', '', '', '', '', '326'),
(59, 0, 3, 'S - 22', 'S - 22', 0, 0, 26, 31.2, 'imbus M10', '', '', '', 0, '22.png', '', '', '', '', '326'),
(60, 0, 3, 'S - 23', 'S - 23', 0, 0, 26, 31.2, 'imbus M10', '', '', '', 0, '23.png', '', '', '', '', '326'),
(61, 0, 3, 'S - 24', 'S - 24', 0, 0, 26, 31.2, 'imbus M10', '', '', '', 0, '24.png', '', '', '', '', '326'),
(62, 0, 3, 'S - 25', 'S - 25', 0, 0, 26, 31.2, 'imbus M10', '', '', '', 0, '25.png', '', '', '', '', '326'),
(63, 0, 3, 'S - 26', 'S - 26', 0, 0, 26, 31.2, 'imbus M10', '', '', '', 0, '26.png', '', '', '', '', '326'),
(64, 0, 3, 'S - 27', 'S - 27', 0, 0, 26, 31.2, 'imbus M10', '', '', '', 0, '27.png', '', '', '', '', '326'),
(65, 0, 3, 'S - 28', 'S - 28', 0, 0, 26, 31.2, 'imbus M10', '', '', '', 0, '28.png', '', '', '', '', '326'),
(66, 0, 3, 'S - 29', 'S - 29', 0, 0, 26, 31.2, 'imbus M10', '', '', '', 0, '29.png', '', '', '', '', '326'),
(67, 0, 3, 'S - 30', 'S - 30', 0, 0, 26, 31.2, 'imbus M10', '', '', '', 0, '30.png', '', '', '', '', '326'),
(68, 0, 3, 'S - 31', 'S - 31', 0, 0, 26, 31.2, 'imbus M10', '', '', '', 0, '31.png', '', '', '', '', '326'),
(69, 0, 3, 'S - 32', 'S - 32', 0, 0, 26, 31.2, 'imbus M10', '', '', '', 0, '32.png', '', '', '', '', '326'),
(70, 0, 3, 'S - 33', 'S - 33', 0, 0, 26, 31.2, 'imbus M10', '', '', '', 0, '33.png', '', '', '', '', '326'),
(71, 1, 4, 'M - a', 'M - a', 0, 0, 45, 54.5, 'vrut ø 5', '', '', '', 0, 'a1.png', 'a2.png', '', '', '', '328'),
(72, 2, 4, 'M - b', 'M - b', 0, 0, 45, 54.5, 'vrut ø 5', '', '', '', 0, 'b1.png', 'b2.png', '', '', '', '328'),
(73, 3, 4, 'M - c', 'M - c', 0, 0, 45, 54.5, 'vrut ø 5', '', '', '', 0, 'c1.png', 'c2.png', '', '', '', '328'),
(74, 4, 4, 'M - d', 'M - d', 0, 0, 45, 54.5, 'vrut ø 5', '', '', '', 0, 'd1.png', 'd2.png', '', '', '', '328'),
(75, 5, 4, 'M - e', 'M - e', 0, 0, 45, 54.5, 'vrut ø 5', '', '', '', 0, 'e1.png', 'e2.png', '', '', '', '328'),
(76, 6, 4, 'M - f', 'M - f', 0, 0, 45, 54.5, 'vrut ø 5', '', '', '', 0, 'f1.png', 'f2.png', '', '', '', '328'),
(77, 7, 4, 'M - 1', 'M - 1', 0, 0, 45, 54.5, 'imbus M10', '', '', '', 0, '1_1.png', '1_2.png', '', '', '', '326'),
(78, 8, 4, 'M - 2', 'M - 2', 0, 0, 45, 54.5, 'imbus M10', '', '', '', 0, '2_1.png', '2_2.png', '', '', '', '326'),
(79, 9, 4, 'M - 3', 'M - 3', 0, 0, 45, 54.5, 'imbus M10', '', '', '', 0, '3_1.png', '3_2.png', '', '', '', '326'),
(80, 10, 4, 'M - 4', 'M - 4', 0, 0, 45, 54.5, 'imbus M10', '', '', '', 0, '4_1.png', '4_2.png', '', '', '', '326'),
(81, 11, 4, 'M - 5', 'M - 5', 0, 0, 45, 54.5, 'imbus M10', '', '', '', 0, '5_1.png', '5_2.png', '', '', '', '326'),
(82, 12, 4, 'M - 6', 'M - 6', 0, 0, 45, 54.5, 'imbus M10', '', '', '', 0, '6_1.png', '6_2.png', '', '', '', '326'),
(83, 13, 4, 'M - 7', 'M - 7', 0, 0, 45, 54.5, 'imbus M10', '', '', '', 0, '7_1.png', '7_2.png', '', '', '', '326'),
(84, 14, 4, 'M - 8', 'M - 8', 0, 0, 45, 54.5, 'imbus M10', '', '', '', 0, '8_1.png', '8_2.png', '', '', '', '326'),
(85, 15, 4, 'M - 9', 'M - 9', 0, 0, 45, 54.5, 'imbus M10', '', '', '', 0, '9_1.png', '9_2.png', '', '', '', '326'),
(86, 16, 4, 'M - 10', 'M - 10', 0, 0, 45, 54.5, 'imbus M10', '', '', '', 0, '10_1.png', '10_2.png', '', '', '', '326'),
(87, 17, 4, 'M - 11', 'M - 11', 0, 0, 45, 54.5, 'imbus M10', '', '', '', 0, '11_1.png', '11_2.png', '', '', '', '326'),
(88, 18, 4, 'M - 12', 'M - 12', 0, 0, 45, 54.5, 'imbus M10', '', '', '', 0, '12_1.png', '12_2.png', '', '', '', '326'),
(90, 19, 4, 'M - 13', 'M - 13', 0, 0, 45, 54.5, 'imbus M10', '', '', '', 0, '13_1.png', '13_2.png', '', '', '', '326'),
(91, 20, 4, 'M - 14', 'M - 14', 0, 0, 45, 54.5, 'imbus M10', '', '', '', 0, '14_1.png', '14_2.png', '', '', '', '326'),
(92, 21, 4, 'M - 15', 'M - 15', 0, 0, 45, 54.5, 'imbus M10', '', '', '', 0, '15_1.png', '15_2.png', '', '', '', '326'),
(93, 22, 4, 'M - 16', 'M - 16', 0, 0, 45, 54.5, 'imbus M10', '', '', '', 0, '16_1.png', '16_2.png', '', '', '', '326'),
(94, 23, 4, 'M - 17', 'M - 17', 0, 0, 45, 54.5, 'imbus M10', '', '', '', 0, '17_1.png', '17_2.png', '', '', '', '326'),
(95, 24, 4, 'M - 18', 'M - 18', 0, 0, 45, 54.5, 'imbus M10', '', '', '', 0, '18_1.png', '18_2.png', '', '', '', '326'),
(96, 25, 4, 'M - 19', 'M - 19', 0, 0, 45, 54.5, 'imbus M10', '', '', '', 0, '19_1.png', '19_2.png', '', '', '', '326'),
(97, 26, 4, 'M - 20', 'M - 20', 0, 0, 45, 54.5, 'imbus M10', '', '', '', 0, '20_1.png', '20_2.png', '', '', '', '326'),
(98, 27, 4, 'M - 21', 'M - 21', 0, 0, 45, 54.5, 'imbus M10', '', '', '', 0, '21_1.png', '21_2.png', '', '', '', '326'),
(99, 29, 4, 'M - 23', 'M - 23', 0, 0, 45, 54.5, 'imbus M10', '', '', '', 0, '23_1.png', '23_2.png', '', '', '', '326'),
(100, 30, 4, 'M - 24', 'M - 24', 0, 0, 45, 54.5, 'imbus M10', '', '', '', 0, '24_1.png', '24_2.png', '', '', '', '326'),
(101, 31, 4, 'M - 25', 'M - 25', 0, 0, 45, 54.5, 'imbus M10', '', '', '', 0, '25_1.png', '25_2.png', '', '', '', '326'),
(102, 32, 4, 'M - 26', 'M - 26', 0, 0, 45, 54.5, 'imbus M10', '', '', '', 0, '26_1.png', '26_2.png', '', '', '', '326'),
(103, 33, 4, 'M - 27', 'M - 27', 0, 0, 45, 54.5, 'imbus M10', '', '', '', 0, '27_1.png', '27_2.png', '', '', '', '326'),
(104, 34, 4, 'M - 28', 'M - 28', 0, 0, 45, 54.5, 'imbus M10', '', '', '', 0, '28_1.png', '28_2.png', '', '', '', '326'),
(105, 35, 4, 'M - 29', 'M - 29', 0, 0, 45, 54.5, 'imbus M10', '', '', '', 0, '29_1.png', '29_2.png', '', '', '', '326'),
(106, 36, 4, 'M - 30', 'M - 30', 0, 0, 45, 54.5, 'imbus M10', '', '', '', 0, '30_1.png', '30_2.png', '', '', '', '326'),
(107, 37, 4, 'M - 31', 'M - 31', 0, 0, 45, 54.5, 'imbus M10', '', '', '', 0, '31_1.png', '31_2.png', '', '', '', '326'),
(108, 38, 4, 'M - 32', 'M - 32', 0, 0, 45, 54.5, 'imbus M10', '', '', '', 0, '32_1.png', '32_2.png', '', '', '', '326'),
(109, 39, 4, 'M - 33', 'M - 33', 0, 0, 45, 54.5, 'imbus M10', '', '', '', 0, '33_1.png', '33_2.png', '', '', '', '326'),
(110, 40, 4, 'M - 34', 'M - 34', 0, 0, 45, 54.5, 'imbus M10', '', '', '', 0, '34_1.png', '34_2.png', '', '', '', '326'),
(111, 41, 4, 'M - 35', 'M - 35', 0, 0, 45, 54.5, 'imbus M10', '', '', '', 0, '35_1.png', '35_2.png', '', '', '', '326'),
(112, 42, 4, 'M - 36', 'M - 36', 0, 0, 45, 54.5, 'imbus M10', '', '', '', 0, '36_1.png', '36_2.png', '', '', '', '326'),
(113, 43, 4, 'M - 37', 'M - 37', 0, 0, 45, 54.5, 'imbus M10', '', '', '', 0, '37_1.png', '37_2.png', '', '', '', '326'),
(114, 44, 4, 'M - 38', 'M - 38', 0, 0, 45, 54.5, 'imbus M10', '', '', '', 0, '38_1.png', '38_2.png', '', '', '', '326'),
(115, 45, 4, 'M - 39', 'M - 39', 0, 0, 45, 54.5, 'imbus M10', '', '', '', 0, '39_1.png', '39_2.png', '', '', '', '326'),
(116, 46, 4, 'M - 40', 'M - 40', 0, 0, 45, 54.5, 'imbus M10', '', '', '', 0, '40_1.png', '40_2.png', '', '', '', '326'),
(117, 47, 4, 'M - 41', 'M - 41', 0, 0, 45, 54.5, 'imbus M10', '', '', '', 0, '41_1.png', '41_2.png', '', '', '', '326'),
(118, 48, 4, 'M - 42', 'M - 42', 0, 0, 45, 54.5, 'imbus M10', '', '', '', 0, '42_1.png', '42_2.png', '', '', '', '326'),
(119, 49, 4, 'M - 43', 'M - 43', 0, 0, 45, 54.5, 'imbus M10', '', '', '', 0, '43_1.png', '43_2.png', '', '', '', '326'),
(120, 50, 4, 'M - 44', 'M - 44', 0, 0, 45, 54.5, 'imbus M10', '', '', '', 0, '44_1.png', '44_2.png', '', '', '', '326'),
(121, 51, 4, 'M - 45', 'M - 45', 0, 0, 45, 54.5, 'imbus M10', '', '', '', 0, '45_1.png', '45_2.png', '', '', '', '326'),
(122, 52, 4, 'M - 46', 'M - 46', 0, 0, 45, 54.5, 'imbus M10', '', '', '', 0, '46_1.png', '46_2.png', '', '', '', '326'),
(123, 53, 4, 'M - 47', 'M - 47', 0, 0, 45, 54.5, 'imbus M10', '', '', '', 0, '47_1.png', '47_2.png', '', '', '', '326'),
(124, 0, 5, 'L - a', 'L - a', 0, 0, 61, 73.8, 'vrut ø 5', '', '', '', 0, 'a1.png', 'a2.png', '', '', '', '328'),
(125, 0, 5, 'L - b', 'L - b', 0, 0, 61, 73.8, 'vrut ø 5', '', '', '', 0, 'b1.png', 'b2.png', '', '', '', '328'),
(126, 0, 5, 'L - c', 'L - c', 0, 0, 61, 73.8, 'vrut ø 5', '', '', '', 0, 'c1.png', 'c2.png', '', '', '', '328'),
(127, 0, 5, 'L - d', 'L - d', 0, 0, 61, 73.8, 'vrut ø 5', '', '', '', 0, 'd1.png', 'd2.png', '', '', '', '328'),
(128, 0, 5, 'L - e', 'L - e', 0, 0, 61, 73.8, 'vrut ø 5', '', '', '', 0, 'e1.png', 'e2.png', '', '', '', '328'),
(129, 0, 5, 'L - f', 'L - f', 0, 0, 61, 73.8, 'vrut ø 5', '', '', '', 0, 'f1.png', 'f2.png', '', '', '', '328'),
(130, 0, 5, 'L - g', 'L - g', 0, 0, 61, 73.8, 'vrut ø 5', '', '', '', 0, 'g1.png', 'g2.png', '', '', '', '328'),
(131, 0, 5, 'L - 1', 'L - 1', 0, 0, 61, 73.8, 'imbus M10', '', '', '', 0, '1_1.png', '1_2.png', '', '', '', '326'),
(132, 0, 5, 'L - 2', 'L - 2', 0, 0, 61, 73.8, 'imbus M10', '', '', '', 0, '2_1.png', '2_2.png', '', '', '', '326'),
(133, 0, 5, 'L - 3', 'L - 3', 0, 0, 61, 73.8, 'imbus M10', '', '', '', 0, '3_1.png', '3_2.png', '', '', '', '326'),
(134, 0, 5, 'L - 4', 'L - 4', 0, 0, 61, 73.8, 'imbus M10', '', '', '', 0, '4_1.png', '4_2.png', '', '', '', '326'),
(135, 0, 5, 'L - 5', 'L - 5', 0, 0, 61, 73.8, 'imbus M10', '', '', '', 0, '5_1.png', '5_2.png', '', '', '', '326'),
(136, 0, 5, 'L - 6', 'L - 6', 0, 0, 61, 73.8, 'imbus M10', '', '', '', 0, '6_1.png', '6_2.png', '', '', '', '326'),
(137, 0, 5, 'L - 7', 'L - 7', 0, 0, 61, 73.8, 'imbus M10', '', '', '', 0, '7_1.png', '7_2.png', '', '', '', '326'),
(138, 0, 5, 'L - 8', 'L - 8', 0, 0, 61, 73.8, 'imbus M10', '', '', '', 0, '8_1.png', '8_2.png', '', '', '', '326'),
(139, 0, 5, 'L - 9', 'L - 9', 0, 0, 61, 73.8, 'imbus M10', '', '', '', 0, '9_1.png', '9_2.png', '', '', '', '326'),
(140, 0, 5, 'L - 10', 'L - 10', 0, 0, 61, 73.8, 'imbus M10', '', '', '', 0, '10_1.png', '10_2.png', '', '', '', '326'),
(141, 0, 5, 'L - 11', 'L - 11', 0, 0, 61, 73.8, 'imbus M10', '', '', '', 0, '11_1.png', '11_2.png', '', '', '', '326'),
(142, 0, 5, 'L - 12', 'L - 12', 0, 0, 61, 73.8, 'imbus M10', '', '', '', 0, '12_1.png', '12_2.png', '', '', '', '326'),
(143, 0, 5, 'L - 13', 'L - 13', 0, 0, 61, 73.8, 'imbus M10', '', '', '', 0, '13_1.png', '13_2.png', '', '', '', '326'),
(144, 0, 5, 'L - 14', 'L - 14', 0, 0, 61, 73.8, 'imbus M10', '', '', '', 0, '14_1.png', '14_2.png', '', '', '', '326'),
(145, 0, 5, 'L - 15', 'L - 15', 0, 0, 61, 73.8, 'imbus M10', '', '', '', 0, '15_1.png', '15_2.png', '', '', '', '326'),
(146, 0, 5, 'L - 16', 'L - 16', 0, 0, 61, 73.8, 'imbus M10', '', '', '', 0, '16_1.png', '16_2.png', '', '', '', '326'),
(147, 0, 5, 'L - 17', 'L - 17', 0, 0, 61, 73.8, 'imbus M10', '', '', '', 0, '17_1.png', '17_2.png', '', '', '', '326'),
(148, 0, 5, 'L - 18', 'L - 18', 0, 0, 61, 73.8, 'imbus M10', '', '', '', 0, '18_1.png', '18_2.png', '', '', '', '326'),
(149, 0, 5, 'L - 19', 'L - 19', 0, 0, 61, 73.8, 'imbus M10', '', '', '', 0, '19_1.png', '19_2.png', '', '', '', '326'),
(150, 0, 5, 'L - 20', 'L - 20', 0, 0, 61, 73.8, 'imbus M10', '', '', '', 0, '20_1.png', '20_2.png', '', '', '', '326'),
(151, 0, 5, 'L - 21', 'L - 21', 0, 0, 61, 73.8, 'imbus M10', '', '', '', 0, '21_1.png', '21_2.png', '', '', '', '326'),
(152, 0, 5, 'L - 22', 'L - 22', 0, 0, 61, 73.8, 'imbus M10', '', '', '', 0, '22_1.png', '22_2.png', '', '', '', '326'),
(153, 0, 5, 'L - 23', 'L - 23', 0, 0, 61, 73.8, 'imbus M10', '', '', '', 0, '23_1.png', '23_2.png', '', '', '', '326'),
(154, 0, 5, 'L - 24', 'L - 24', 0, 0, 61, 73.8, 'imbus M10', '', '', '', 0, '24_1.png', '24_2.png', '', '', '', '326'),
(155, 0, 5, 'L - 25', 'L - 25', 0, 0, 61, 73.8, 'imbus M10', '', '', '', 0, '25_1.png', '25_2.png', '', '', '', '326'),
(156, 0, 5, 'L - 26', 'L - 26', 0, 0, 61, 73.8, 'imbus M10', '', '', '', 0, '26_1.png', '26_2.png', '', '', '', '326'),
(157, 0, 5, 'L - 27', 'L - 27', 0, 0, 61, 73.8, 'imbus M10', '', '', '', 0, '27_1.png', '27_2.png', '', '', '', '326'),
(158, 0, 5, 'L - 28', 'L - 28', 0, 0, 61, 73.8, 'imbus M10', '', '', '', 0, '28_1.png', '28_2.png', '', '', '', '326'),
(159, 0, 5, 'L - 29', 'L - 29', 0, 0, 61, 73.8, 'imbus M10', '', '', '', 0, '29_1.png', '29_2.png', '', '', '', '326'),
(160, 0, 5, 'L - 30', 'L - 30', 0, 0, 61, 73.8, 'imbus M10', '', '', '', 0, '30_1.png', '30_2.png', '', '', '', '326'),
(161, 0, 5, 'L - 31', 'L - 31', 0, 0, 61, 73.8, 'imbus M10', '', '', '', 0, '31_1.png', '31_2.png', '', '', '', '326'),
(162, 0, 6, 'Mega - a', 'Mega - a', 0, 0, 210, 254.1, 'imbus M10', '7 x 24 x 33 cm', '', '', 0, 'a1.png', 'a2.png', 'a3.png', '', '', '326'),
(163, 0, 6, 'Mega - b', 'Mega - b', 0, 0, 150, 181.5, 'imbus M10', '5,5 x 9 x 28 cm', '', '', 0, 'b1.png', 'b2.png', 'b3.png', '', '', '326'),
(164, 0, 6, 'Mega - c', 'Mega - c', 0, 0, 150, 181.5, 'imbus M10', '5 x 21 x 30 cm', '', '', 0, 'c1.png', 'c2.png', 'c3.png', '', '', '326'),
(165, 0, 6, 'Mega - d', 'Mega - d', 0, 0, 250, 302.5, 'imbus M10', '7 x 20 x 36 cm', '', '', 0, 'd1.png', 'd2.png', 'd3.png', '', '', '326'),
(166, 0, 6, 'Mega - e', 'Mega - e', 0, 0, 210, 254.1, 'imbus M10', '11 x 15 x 18 cm', '', '', 0, 'e1.png', 'e2.png', 'e3.png', '', '', '326'),
(167, 0, 6, 'Mega - f', 'Mega - f', 0, 0, 210, 254.1, 'imbus M10', '5,5 x 20 x 33 cm', '', '', 0, 'f1.png', 'f2.png', 'f3.png', '', '', '326'),
(168, 0, 6, 'Mega - g', 'Mega - g', 0, 0, 390, 471.9, 'imbus M10', '11 x 26 x 31 cm', '', '', 0, 'g1.png', 'g2.png', 'g3.png', '', '', '326'),
(169, 0, 7, 'Žába', 'Frog', 0, 0, 119, 144, 'imbus šroub M10', '', '', '', 0, 'zaba1.png', 'zaba2.png', 'zaba3.png', '', '', ''),
(170, 0, 7, 'Červ', 'Worm', 0, 0, 119, 144, 'imbus šroub M10', '', '', 'Velikost L', 0, 'cerv1.png', 'cerv2.png', 'cerv3.png', '', '', ''),
(171, 0, 7, 'Hvězdice', 'Star', 0, 0, 119, 144, 'imbus šroub M10', '', '', 'Velikost L', 0, 'hvezdice1.png', 'hvezdice2.png', 'hvezdice3.png', '', '', ''),
(172, 0, 7, 'Srdce', 'Heart', 0, 0, 92, 111.3, 'imbus šroub M10', '', '', 'Velikost M', 0, 'srdce1.png', 'srdce2.png', 'srdce3.png', '', '', ''),
(173, 0, 0, 'Medvěd', 'Bear', 0, 0, 79, 95.6, 'imbus šroub M10', '', '', 'Velikost S', 0, '', '', '', '', '', ''),
(174, 0, 7, 'Prase', 'Pig', 0, 0, 79, 95.6, 'imbus šroub M10', '', '', 'Velikost S', 0, 'prase1.png', 'prase2.png', 'prase3.png', '', '', ''),
(175, 0, 7, 'Slon', 'Elephant', 0, 0, 79, 95.6, 'imbus šroub M10', '', '', 'Velikost S', 0, 'slon1.png', 'slon2.png', 'slon3.png', '', '', ''),
(176, 0, 7, 'Velryba', 'Whale', 0, 0, 79, 95.6, 'imbus šroub M10', '', '', 'Velikost S', 0, 'velryba1.png', 'velryba2.png', 'velryba3.png', '', '', ''),
(177, 0, 7, 'Želva', 'Turtle', 0, 0, 79, 95.6, 'imbus šroub M10', '', '', 'Velikost S', 0, 'zelva1.png', 'zelva2.png', 'zelva3.png', '', '', ''),
(178, 0, 8, 'Koule - S', 'Ball - S', 0, 0, 26, 31.5, 'imbus M10', 'ø 6 cm', '', '', 0, 'koule.png', '', '', '', '', '326'),
(179, 0, 8, 'Koule - M', 'Ball - M', 0, 0, 45, 54.5, 'imbus M10', 'ø 8 cm', '', '', 0, 'koule.png', '', '', '', '', '326'),
(180, 0, 8, 'Koule - L', 'Ball - L', 0, 0, 61, 73.8, 'imbus M10', 'ø 10 cm', '', '', 0, 'koule.png', '', '', '', '', '326'),
(181, 0, 8, 'Koule - XL', 'Ball - XL', 0, 0, 81, 98, 'imbus M10', 'ø 12 cm', '', '', 0, 'koule.png', '', '', '', '', '326'),
(182, 0, 9, 'Mikro - 1', 'Micro - 1', 0, 0, 16, 19.4, 'vrut ø 3,5', '', '', '', 0, '', '', '', '', '', '327'),
(183, 0, 9, 'Mikro - 2', 'Micro - 2', 0, 0, 16, 19.4, 'vrut ø 3,5', '', '', '', 0, '', '', '', '', '', '327'),
(184, 0, 9, 'Mikro - 3', 'Micro - 3', 0, 0, 16, 19.4, 'vrut ø 3,5', '', '', '', 0, '', '', '', '', '', '327'),
(185, 0, 9, 'Mikro - 4', 'Micro - 4', 0, 0, 16, 19.4, 'vrut ø 3,5', '', '', '', 0, '', '', '', '', '', '327'),
(186, 0, 9, 'Mikro - 5', 'Micro - 5', 0, 0, 16, 19.4, 'vrut ø 3,5', '', '', '', 0, '', '', '', '', '', '327'),
(187, 0, 9, 'Mikro - 6', 'Micro - 6', 0, 0, 16, 19.4, 'vrut ø 3,5', '', '', '', 0, '', '', '', '', '', '327'),
(188, 0, 9, 'Mikro - 7', 'Micro - 7', 0, 0, 16, 19.4, 'vrut ø 3,5', '', '', '', 0, '', '', '', '', '', '327'),
(189, 0, 9, 'Mikro - 8', 'Micro - 8', 0, 0, 16, 19.4, 'vrut ø 3,5', '', '', '', 0, '', '', '', '', '', '327'),
(190, 0, 9, 'Mikro - 9', 'Micro - 9', 0, 0, 16, 19.4, 'vrut ø 3,5', '', '', '', 0, '', '', '', '', '', '327'),
(191, 0, 9, 'Mikro - 10', 'Micro - 10', 0, 0, 16, 19.4, 'vrut ø 3,5', '', '', '', 0, '', '', '', '', '', '327'),
(192, 0, 10, 'Mini - 1', 'Mini - 1', 0, 0, 20, 24.2, 'vrut ø 4', '', '', '', 0, '', '', '', '', '', ''),
(193, 0, 10, 'Mini - 2', 'Mini - 2', 0, 0, 20, 24.2, 'vrut ø 4', '', '', '', 0, '', '', '', '', '', ''),
(195, 0, 10, 'Mini - 3', 'Mini - 3', 0, 0, 20, 24.2, 'vrut ø 4', '', '', '', 0, '', '', '', '', '', ''),
(196, 0, 10, 'Mini - 4', 'Mini - 4', 0, 0, 20, 24.2, 'vrut ø 4', '', '', '', 0, '', '', '', '', '', ''),
(197, 0, 10, 'Mini - 5', 'Mini - 5', 0, 0, 20, 24.2, 'vrut ø 4', '', '', '', 0, '', '', '', '', '', ''),
(198, 0, 10, 'Mini - 6', 'Mini - 6', 0, 0, 20, 24.2, 'vrut ø 4', '', '', '', 0, '', '', '', '', '', ''),
(199, 0, 10, 'Mini - 7', 'Mini - 7', 0, 0, 20, 24.2, 'vrut ø 4', '', '', '', 0, '', '', '', '', '', ''),
(200, 0, 10, 'Mini - 8', 'Mini - 8', 0, 0, 20, 24.2, 'vrut ø 4', '', '', '', 0, '', '', '', '', '', ''),
(201, 0, 10, 'Mini - 9', 'Mini - 9', 0, 0, 20, 24.2, 'vrut ø 4', '', '', '', 0, '', '', '', '', '', ''),
(202, 0, 10, 'Mini - 10', 'Mini - 10', 0, 0, 20, 24.2, 'vrut ø 4', '', '', '', 0, '', '', '', '', '', ''),
(203, 0, 11, 'S - 1', 'S - 1', 0, 0, 26, 31.5, 'imbus M10', '', '', '', 0, '1.png', '', '', '', '', '326'),
(204, 0, 11, 'S - 2', 'S - 2', 0, 0, 26, 31.5, 'imbus M10', '', '', '', 0, '2.png', '', '', '', '', '326'),
(205, 0, 11, 'S - 3', 'S - 3', 0, 0, 26, 31.5, 'imbus M10', '', '', '', 0, '3.png', '', '', '', '', '326'),
(206, 0, 11, 'S - 4', 'S - 4', 0, 0, 26, 31.5, 'imbus M10', '', '', '', 0, '4.png', '', '', '', '', '326'),
(207, 0, 11, 'S - 5', 'S - 5', 0, 0, 26, 31.5, 'imbus M10', '', '', '', 0, '5.png', '', '', '', '', '326'),
(208, 0, 11, 'S - 6', 'S - 6', 0, 0, 26, 31.5, 'imbus M10', '', '', '', 0, '6.png', '', '', '', '', '326'),
(209, 0, 11, 'S - 7', 'S - 7', 0, 0, 26, 31.5, 'imbus M10', '', '', '', 0, '7.png', '', '', '', '', '326'),
(210, 0, 11, 'S - 8', 'S - 8', 0, 0, 26, 31.5, 'imbus M10', '', '', '', 0, '8.png', '', '', '', '', '326'),
(211, 0, 11, 'S - 9', 'S - 9', 0, 0, 26, 31.5, 'imbus M10', '', '', '', 0, '9.png', '', '', '', '', '326'),
(212, 0, 11, 'S - 10', 'S - 10', 0, 0, 26, 31.5, 'imbus M10', '', '', '', 0, '10.png', '', '', '', '', '326'),
(213, 0, 12, 'M - 1', 'M - 1', 0, 0, 43, 52, 'imbus M10', '', '', '', 0, '1a.png', '1b.png', '', '', '', '326'),
(214, 0, 12, 'M - 2', 'M - 2', 0, 0, 43, 52, 'imbus M10', '', '', '', 0, '2a.png', '2b.png', '', '', '', '326'),
(215, 0, 12, 'M - 3', 'M - 3', 0, 0, 43, 52, 'imbus M10', '', '', '', 0, '3a.png', '3b.png', '', '', '', '326'),
(216, 0, 12, 'M - 4', 'M - 4', 0, 0, 43, 52, 'imbus M10', '', '', '', 0, '4a.png', '4b.png', '', '', '', '326'),
(217, 0, 12, 'M - 5', 'M - 5', 0, 0, 43, 52, 'imbus M10', '', '', '', 0, '5a.png', '5b.png', '', '', '', '326'),
(218, 0, 12, 'M - 6', 'M - 6', 0, 0, 43, 52, 'imbus M10', '', '', '', 0, '6a.png', '6b.png', '', '', '', '326'),
(219, 0, 12, 'M - 7', 'M - 7', 0, 0, 43, 52, 'imbus M10', '', '', '', 0, '7a.png', '7b.png', '', '', '', '326'),
(220, 0, 12, 'M - 8', 'M - 8', 0, 0, 43, 52, 'imbus M10', '', '', '', 0, '8a.png', '8b.png', '', '', '', '326'),
(221, 0, 12, 'M - 9', 'M - 9', 0, 0, 43, 52, 'imbus M10', '', '', '', 0, '9a.png', '9b.png', '', '', '', '326'),
(222, 0, 12, 'M - 10', 'M - 10', 0, 0, 43, 52, 'imbus M10', '', '', '', 0, '10a.png', '10b.png', '', '', '', '326'),
(223, 0, 12, 'M - 11', 'M - 11', 0, 0, 43, 52, 'imbus M10', '', '', '', 0, '11a.png', '11b.png', '', '', '', '326'),
(224, 0, 12, 'M - 12', 'M - 12', 0, 0, 43, 52, 'imbus M10', '', '', '', 0, '12a.png', '12b.png', '', '', '', '326'),
(225, 0, 12, 'M - 13', 'M - 13', 0, 0, 43, 52, 'imbus M10', '', '', '', 0, '13a.png', '13b.png', '', '', '', '326'),
(226, 0, 12, 'M - 14', 'M - 14', 0, 0, 43, 52, 'imbus M10', '', '', '', 0, '14a.png', '14b.png', '', '', '', '326'),
(227, 0, 12, 'M - 15', 'M - 15', 0, 0, 43, 52, 'imbus M10', '', '', '', 0, '15a.png', '15b.png', '', '', '', '326'),
(228, 0, 12, 'M - 16', 'M - 16', 0, 0, 43, 52, 'imbus M10', '', '', '', 0, '16a.png', '16b.png', '', '', '', '326'),
(229, 0, 12, 'M - 17', 'M - 17', 0, 0, 43, 52, 'imbus M10', '', '', '', 0, '17a.png', '17b.png', '', '', '', '326'),
(230, 0, 12, 'M - 18', 'M - 18', 0, 0, 43, 52, 'imbus M10', '', '', '', 0, '18a.png', '18b.png', '', '', '', '326'),
(231, 0, 12, 'M - 19', 'M - 19', 0, 0, 43, 52, 'imbus M10', '', '', '', 0, '19a.png', '19b.png', '', '', '', '326'),
(232, 0, 12, 'M - 20', 'M - 20', 0, 0, 43, 52, 'imbus M10', '', '', '', 0, '20a.png', '20b.png', '', '', '', '326'),
(233, 0, 12, 'M - 21', 'M - 21', 0, 0, 43, 52, 'imbus M10', '', '', '', 0, '21a.png', '21b.png', '', '', '', '326'),
(234, 0, 12, 'M - 22', 'M - 22', 0, 0, 43, 52, 'imbus M10', '', '', '', 0, '22a.png', '22b.png', '', '', '', '326'),
(235, 0, 12, 'M - 23', 'M - 23', 0, 0, 43, 52, 'imbus M10', '', '', '', 0, '23a.png', '23b.png', '', '', '', '326'),
(236, 0, 12, 'M - 24', 'M - 24', 0, 0, 43, 52, 'imbus M10', '', '', '', 0, '24a.png', '24b.png', '', '', '', '326'),
(237, 0, 12, 'M - 25', 'M - 25', 0, 0, 43, 52, 'imbus M10', '', '', '', 0, '25a.png', '25b.png', '', '', '', '326'),
(238, 0, 12, 'M - 26', 'M - 26', 0, 0, 43, 52, 'imbus M10', '', '', '', 0, '26a.png', '26b.png', '', '', '', '326'),
(239, 0, 12, 'M - 27', 'M - 27', 0, 0, 43, 52, 'imbus M10', '', '', '', 0, '27a.png', '27b.png', '', '', '', '326'),
(240, 0, 12, 'M - 28', 'M - 28', 0, 0, 43, 52, 'imbus M10', '', '', '', 0, '28a.png', '28b.png', '', '', '', '326'),
(241, 0, 12, 'M - 29', 'M - 29', 0, 0, 43, 52, 'imbus M10', '', '', '', 0, '29a.png', '29b.png', '', '', '', '326'),
(242, 0, 12, 'M - 30', 'M - 30', 0, 0, 43, 52, 'imbus M10', '', '', '', 0, '30a.png', '30b.png', '', '', '', '326'),
(243, 0, 12, 'M - 31', 'M - 31', 0, 0, 43, 52, 'imbus M10', '', '', '', 0, '31a.png', '31b.png', '', '', '', '326'),
(244, 0, 12, 'M - 32', 'M - 32', 0, 0, 43, 52, 'imbus M10', '', '', '', 0, '', '', '', '', '', '326'),
(245, 0, 12, 'M - 33', 'M - 33', 0, 0, 43, 52, 'imbus M10', '', '', '', 0, '', '', '', '', '', '326'),
(246, 0, 13, 'L - 1', 'L - 1', 0, 0, 58, 70.2, 'imbus M10', '', '', '', 0, '', '', '', '', '', '326'),
(247, 0, 13, 'L - 2', 'L - 2', 0, 0, 58, 70.2, 'imbus M10', '', '', '', 0, '', '', '', '', '', '326'),
(248, 0, 13, 'L - 3', 'L - 3', 0, 0, 58, 70.2, 'imbus M10', '', '', '', 0, '', '', '', '', '', '326'),
(249, 0, 13, 'L - 4', 'L - 4', 0, 0, 58, 70.2, 'imbus M10', '', '', '', 0, '', '', '', '', '', '326'),
(250, 0, 13, 'L - 5', 'L - 5', 0, 0, 58, 70.2, 'imbus M10', '', '', '', 0, '', '', '', '', '', '326'),
(251, 0, 13, 'L - 6', 'L - 6', 0, 0, 58, 70.2, 'imbus M10', '', '', '', 0, '', '', '', '', '', '326'),
(252, 0, 13, 'L - 7', 'L - 7', 0, 0, 58, 70.2, 'imbus M10', '', '', '', 0, '', '', '', '', '', '326'),
(253, 0, 13, 'L - 8', 'L - 8', 0, 0, 58, 70.2, 'imbus M10', '', '', '', 0, '', '', '', '', '', '326'),
(254, 0, 13, 'L - 9', 'L - 9', 0, 0, 58, 70.2, 'imbus M10', '', '', '', 0, '', '', '', '', '', '326'),
(255, 0, 13, 'L - 10', 'L - 10', 0, 0, 58, 70.2, 'imbus M10', '', '', '', 0, '', '', '', '', '', '326'),
(256, 0, 13, 'L - 11', 'L - 11', 0, 0, 58, 70.2, 'imbus M10', '', '', '', 0, '', '', '', '', '', '326'),
(257, 0, 13, 'L - 12', 'L - 12', 0, 0, 58, 70.2, 'imbus M10', '', '', '', 0, '', '', '', '', '', '326'),
(258, 0, 13, 'L - 13', 'L - 13', 0, 0, 58, 70.2, 'imbus M10', '', '', '', 0, '', '', '', '', '', '326'),
(259, 0, 13, 'L - 14', 'L - 14', 0, 0, 58, 70.2, 'imbus M10', '', '', '', 0, '', '', '', '', '', '326'),
(260, 0, 13, 'L - 15', 'L - 15', 0, 0, 58, 70.2, 'imbus M10', '', '', '', 0, '', '', '', '', '', '326'),
(261, 0, 13, 'L - 16', 'L - 16', 0, 0, 58, 70.2, 'imbus M10', '', '', '', 0, '', '', '', '', '', '326'),
(262, 0, 13, 'L - 17', 'L - 17', 0, 0, 58, 70.2, 'imbus M10', '', '', '', 0, '', '', '', '', '', '326'),
(263, 0, 13, 'L - 18', 'L - 18', 0, 0, 58, 70.2, 'imbus M10', '', '', '', 0, '', '', '', '', '', '326'),
(264, 0, 13, 'L - 19', 'L - 19', 0, 0, 58, 70.2, 'imbus M10', '', '', '', 0, '', '', '', '', '', '326'),
(265, 0, 13, 'L - 20', 'L - 20', 0, 0, 58, 70.2, 'imbus M10', '', '', '', 0, '', '', '', '', '', '326'),
(266, 0, 13, 'L - 21', 'L - 21', 0, 0, 58, 70.2, 'imbus M10', '', '', '', 0, '', '', '', '', '', '326'),
(267, 0, 13, 'L - 22', 'L - 22', 0, 0, 58, 70.2, 'imbus M10', '', '', '', 0, '', '', '', '', '', '326'),
(268, 0, 13, 'L - 23', 'L - 23', 0, 0, 58, 70.2, 'imbus M10', '', '', '', 0, '', '', '', '', '', '326'),
(269, 0, 13, 'L - 24', 'L - 24', 0, 0, 58, 70.2, 'imbus M10', '', '', '', 0, '', '', '', '', '', '326'),
(270, 0, 13, 'L - 25', 'L - 25', 0, 0, 58, 70.2, 'imbus M10', '', '', '', 0, '', '', '', '', '', '326'),
(271, 0, 13, 'L - 26', 'L - 26', 0, 0, 58, 70.2, 'imbus M10', '', '', '', 0, '', '', '', '', '', '326'),
(272, 0, 13, 'L - 27', 'L - 27', 0, 0, 58, 70.2, 'imbus M10', '', '', '', 0, '', '', '', '', '', '326'),
(273, 0, 13, 'L - 28', 'L - 28', 0, 0, 58, 70.2, 'imbus M10', '', '', '', 0, '', '', '', '', '', '326'),
(274, 0, 13, 'L - 29', 'L - 29', 0, 0, 58, 70.2, 'imbus M10', '', '', '', 0, '', '', '', '', '', '326'),
(275, 0, 13, 'L - 30', 'L - 30', 0, 0, 58, 70.2, 'imbus M10', '', '', '', 0, '', '', '', '', '', '326'),
(276, 0, 13, 'L - 31', 'L - 31', 0, 0, 58, 70.2, 'imbus M10', '', '', '', 0, '', '', '', '', '', '326'),
(277, 0, 7, 'Medvěd', 'Bear', 0, 0, 79, 95.6, 'imbus M10', '', '', 'Velikost S', 0, 'medved1.png', 'medved2.png', 'medved3.png', '', '', '326'),
(278, 0, 19, 'Panel S', 'Board S', 0, 0, 560, 677.6, 'Součástí dodávky je i spojovací materiál. (vrut ø 8 se šestihrannou hlavou)', '59 x 23 x 7 cm', '', 'V případě osobního odběru bude poskytnuta sleva 10 % z ceny panelu.', 7000, 'S1.png', 'S2.png', 'S3.png', 'S4.png', '', ''),
(279, 0, 19, 'Panel M', 'Board M', 0, 0, 870, 1052.7, 'Součástí dodávky je i spojovací materiál. (vrut ø 8 se šestihrannou hlavou)', '82 x 21 x 6 cm', '', 'V případě osobního odběru bude poskytnuta sleva 10 % z ceny panelu.', 9000, 'M1.png', 'M2.png', 'M3.png', 'M4.png', '', ''),
(280, 0, 19, 'Panel L', 'Board L', 0, 0, 1090, 1318.9, 'Součástí dodávky je i spojovací materiál. (vrut ø 8 se šestihrannou hlavou)', '80 x 27 x 7 cm', '', 'V případě osobního odběru bude poskytnuta sleva 10 % z ceny panelu.', 12000, 'L1.png', 'L2.png', 'L3.png', 'L4.png', '', ''),
(281, 0, 17, 'Lišta L', 'Ledge L', 0, 0, 58, 70.2, 'vrut ø 5', 'Délka 30 cm', '', '', 0, 'L1.png', 'L2.png', '', '', '', '328'),
(282, 0, 17, 'Lišta XL', 'Ledge XL', 0, 0, 77, 93.2, 'vrut ø 5', 'Délka 38 cm', '', '', 0, 'XL1.png', 'XL2.png', '', '', '', '328'),
(283, 28, 4, 'M - 22', 'M - 22', 0, 0, 45, 54.5, 'imbus M10', '', '', '', 0, '22_1.png', '22_2.png', '', '', '', '326'),
(284, 0, 16, 'Nos', 'Nose', 0, 0, 180, 217.8, 'imbus M10', '19 x 15 x 14 cm', '', '', 0, 'nos1.png', 'nos2.png', 'nos3.png', '', '', '326'),
(285, 0, 16, 'Boule', 'Bumb', 0, 0, 250, 302.5, 'imbus M10', '20 x 18 x 10 cm', '', '', 0, 'boule1.png', 'boule2.png', 'boule3.png', '', '', '326'),
(286, 0, 16, 'Hrb', 'Hump', 0, 0, 270, 326.7, 'imbus M10', '17 x 15 x 15 cm', '', '', 0, 'hrb1.png', 'hrb2.png', 'hrb3.png', '', '', '326'),
(287, 0, 16, 'Měsíc', 'Moon', 0, 0, 270, 326.7, 'imbus M10', '25 x 25 x 7 cm', '', '', 0, 'mesic1.png', 'mesic2.png', 'mesic3.png', '', '', '326'),
(288, 0, 16, 'Rohlik', 'Croissant', 0, 0, 300, 363, 'imbus M10', '40 x 12 x 9 cm', '', '', 0, 'rohlik1.png', 'rohlik2.png', 'rohlik3.png', '', '', '326'),
(289, 0, 16, 'Placka', 'Pancake', 0, 0, 210, 254.1, 'imbus M10', '23 x 18 x 8 cm', '', '', 0, 'placka1.png', 'placka2.png', 'placka3.png', '', '', '326'),
(290, 0, 18, 'Drytooling - 1', 'Drytooling - 1', 0, 0, 100, 121, 'imbus šroub M10, vrut ø 5', '', '', '', 0, '', '', '', '', '', '326_;_328'),
(291, 0, 18, 'Drytooling - 2', 'Drytooling - 2', 0, 0, 100, 121, 'imbus šroub M10, vrut ø 5', '', '', '', 0, '', '', '', '', '', '326_;_328'),
(292, 0, 18, 'Drytooling - 3', 'Drytooling - 3', 0, 0, 100, 121, 'imbus šroub M10, vrut ø 5', '', '', '', 0, '', '', '', '', '', '326_;_328'),
(293, 0, 20, 'Přírodní chyty', 'Natural´s holds', 0, 0, 55, 66.6, 'zpravidla na 3 ks vrutů ø 5', '', 'Přírodní chyty různých tvarů a velikostí.', 'Při objednání namixujeme různou škálu velikostí a tvarů, nebo podle dohody.', 0, '', '', '', '', '', '328'),
(294, 0, 15, 'XXL - 1', 'XXL - 1', 0, 0, 90, 108.9, 'imbus M10', '', '', '', 0, '', '', '', '', '', '326'),
(295, 0, 15, 'XXL - 2', 'XXL - 2', 0, 0, 90, 108.9, 'imbus M10', '', '', '', 0, '', '', '', '', '', '326'),
(296, 0, 15, 'XXL - 3', 'XXL - 3', 0, 0, 90, 108.9, 'imbus M10', '', '', '', 0, '', '', '', '', '', '326'),
(297, 0, 15, 'XXL - 4', 'XXL - 4', 0, 0, 90, 108.9, 'imbus M10', '', '', '', 0, '', '', '', '', '', '326'),
(298, 0, 15, 'XXL - 5', 'XXL - 5', 0, 0, 90, 108.9, 'imbus M10', '', '', '', 0, '', '', '', '', '', '326'),
(299, 0, 15, 'XXL - 6', 'XXL - 6', 0, 0, 90, 108.9, 'imbus M10', '', '', '', 0, '', '', '', '', '', '326'),
(300, 0, 15, 'XXL - 7', 'XXL - 7', 0, 0, 90, 108.9, 'imbus M10', '', '', '', 0, '', '', '', '', '', '326'),
(301, 0, 15, 'XXL - 8', 'XXL - 8', 0, 0, 90, 108.9, 'imbus M10', '', '', '', 0, '', '', '', '', '', '326'),
(302, 0, 15, 'XXL - 9', 'XXL - 9', 0, 0, 90, 108.9, 'imbus M10', '', '', '', 0, '', '', '', '', '', '326'),
(303, 0, 15, 'XXL - 10', 'XXL - 10', 0, 0, 90, 108.9, 'imbus M10', '', '', '', 0, '', '', '', '', '', '326'),
(304, 0, 15, 'XXL - 11', 'XXL - 11', 0, 0, 90, 108.9, 'imbus M10', '', '', '', 0, '', '', '', '', '', '326'),
(306, 0, 14, 'XL - 1', 'XL - 1', 0, 0, 77, 93.2, 'imbus M10', '', '', '', 0, '', '', '', '', '', '326'),
(307, 0, 14, 'XL - 2', 'XL - 2', 0, 0, 77, 93.2, 'imbus M10', '', '', '', 0, '', '', '', '', '', '326'),
(308, 0, 14, 'XL - 3', 'XL - 3', 0, 0, 77, 93.2, 'imbus M10', '', '', '', 0, '', '', '', '', '', '326'),
(309, 0, 14, 'XL - 4', 'XL - 4', 0, 0, 77, 93.2, 'imbus M10', '', '', '', 0, '', '', '', '', '', '326'),
(310, 0, 14, 'XL - 5', 'XL - 5', 0, 0, 77, 93.2, 'imbus M10', '', '', '', 0, '', '', '', '', '', '326'),
(311, 0, 14, 'XL - 6', 'XL - 6', 0, 0, 77, 93.2, 'imbus M10', '', '', '', 0, '', '', '', '', '', '326'),
(312, 0, 14, 'XL - 7', 'XL - 7', 0, 0, 77, 93.2, 'imbus M10', '', '', '', 0, '', '', '', '', '', '326'),
(313, 0, 14, 'XL - 8', 'XL - 8', 0, 0, 77, 93.2, 'imbus M10', '', '', '', 0, '', '', '', '', '', '326'),
(314, 0, 14, 'XL - 9', 'XL - 9', 0, 0, 77, 93.2, 'imbus M10', '', '', '', 0, '', '', '', '', '', '326'),
(315, 0, 14, 'XL - 10', 'XL - 10', 0, 0, 77, 93.2, 'imbus M10', '', '', '', 0, '', '', '', '', '', '326'),
(316, 0, 14, 'XL - 11', 'XL - 11', 0, 0, 77, 93.2, 'imbus M10', '', '', '', 0, '', '', '', '', '', '326'),
(317, 0, 14, 'XL - 12', 'XL - 12', 0, 0, 77, 93.2, 'imbus M10', '', '', '', 0, '', '', '', '', '', '326'),
(318, 0, 14, 'XL - 13', 'XL - 13', 0, 0, 77, 93.2, 'imbus M10', '', '', '', 0, '', '', '', '', '', '326'),
(319, 0, 14, 'XL - 14', 'XL - 14', 0, 0, 77, 93.2, 'imbus M10', '', '', '', 0, '', '', '', '', '', '326'),
(320, 0, 14, 'XL - 15', 'XL - 15', 0, 0, 77, 93.2, 'imbus M10', '', '', '', 0, '', '', '', '', '', '326'),
(321, 0, 14, 'XL - 16', 'XL - 16', 0, 0, 77, 93.2, 'imbus M10', '', '', '', 0, '', '', '', '', '', '326'),
(322, 0, 14, 'XL - 17', 'XL - 17', 0, 0, 77, 93.2, 'imbus M10', '', '', '', 0, '', '', '', '', '', '326'),
(323, 0, 14, 'XL - 18', 'XL - 18', 0, 0, 77, 93.2, 'imbus M10', '', '', '', 0, '', '', '', '', '', '326'),
(324, 0, 14, 'XL - 19', 'XL - 19', 0, 0, 77, 93.2, 'imbus M10', '', '', '', 0, '', '', '', '', '', '326'),
(325, 0, 14, 'XL - 20', 'XL - 20', 0, 0, 77, 93.2, 'imbus M10', '', '', '', 0, '', '', '', '', '', '326'),
(326, 1, 22, 'imbus M10', 'imbus M10', 0, 0, 5, 6.05, '', 'M10', '', '', 0, '', '', '', '', '', ''),
(327, 3, 22, 'Vrut ø 3,5', 'Screw ø 3,5', 0, 0, 5, 6.05, '', 'ø 3,5', '', '', 0, '', '', '', '', '', ''),
(328, 5, 22, 'Vrut ø 5', 'Screw ø 5', 0, 0, 5, 6.05, '', 'ø 5', '', '', 0, '', '', '', '', '', ''),
(329, 2, 22, 'imbus M10 se zapuštěnou hlavou', 'imbus M10 cap head bolt', 0, 0, 5, 6.05, '', 'M10', '', '', 0, '', '', '', '', '', ''),
(330, 4, 22, 'vrut ø 4', 'Screw ø 4', 0, 0, 5, 6.05, '', 'ø 4', '', '', 0, '', '', '', '', '', ''),
(331, 0, 21, 'Triko - Lezec', 'T-shirt - Climber', 0, 0, 200, 242, '', 'S - L', '100% bavlna<br>barvy:<br>zelená, oranžová, černá', 'Velikosti upřesněte při odesílání objednávky, jinak budete kontaktováni pro její upřesnění.', 0, '', '', '', '', '', '');

-- --------------------------------------------------------

--
-- Struktura tabulky `sleva`
--

CREATE TABLE IF NOT EXISTS `sleva` (
  `id` int(10) NOT NULL AUTO_INCREMENT,
  `zboziNad` int(10) NOT NULL,
  `sleva` float NOT NULL,
  PRIMARY KEY (`id`)
) ENGINE=InnoDB  DEFAULT CHARSET=utf8 COLLATE=utf8_bin AUTO_INCREMENT=8 ;

--
-- Vypisuji data pro tabulku `sleva`
--

INSERT INTO `sleva` (`id`, `zboziNad`, `sleva`) VALUES
(1, 5000, 3),
(2, 10000, 5),
(3, 20000, 7),
(4, 40000, 9),
(5, 60000, 11),
(6, 80000, 13),
(7, 100000, 15);

-- --------------------------------------------------------

--
-- Struktura tabulky `subcategory`
--

CREATE TABLE IF NOT EXISTS `subcategory` (
  `id` int(10) NOT NULL AUTO_INCREMENT,
  `category` int(10) NOT NULL,
  `cz` varchar(255) COLLATE utf8_bin NOT NULL,
  `en` varchar(255) CHARACTER SET latin1 NOT NULL,
  PRIMARY KEY (`id`)
) ENGINE=InnoDB  DEFAULT CHARSET=utf8 COLLATE=utf8_bin AUTO_INCREMENT=23 ;

--
-- Vypisuji data pro tabulku `subcategory`
--

INSERT INTO `subcategory` (`id`, `category`, `cz`, `en`) VALUES
(1, 1, 'Mikro chyty', 'Micro holds'),
(2, 1, 'Mini chyty', 'Mini holds'),
(3, 1, 'S chyty', 'S holds'),
(4, 1, 'M Chyty', 'M holds'),
(5, 1, 'L chyty', 'L holds'),
(6, 1, 'Mega chyty', 'Mega holds'),
(7, 1, 'Dětské chyty', 'Children´s holds'),
(8, 1, 'Koule chyty', 'Ball holds'),
(9, 2, 'Mikro chyty', 'Micro holds'),
(10, 2, 'Mini chyty', 'Mini holds'),
(11, 2, 'S chyty', 'S holds'),
(12, 2, 'M chyty', 'M holds'),
(13, 2, 'L chyty', 'L holds'),
(14, 2, 'XL chyty', 'XL holds'),
(15, 2, 'XXL chyty', 'XXL holds'),
(16, 2, 'Mega chyty', 'Mega holds'),
(17, 2, 'Lišty', 'Ledges'),
(18, 2, 'Drytooling', 'Drytooling'),
(19, 2, 'Posilovací panely', 'Boards'),
(20, 3, 'Přírodní chyty', 'Natural´s holds'),
(21, 5, 'Trika', 'T-shirts'),
(22, 4, 'Spojovací materiál', 'Hardware');

/*!40101 SET CHARACTER_SET_CLIENT=@OLD_CHARACTER_SET_CLIENT */;
/*!40101 SET CHARACTER_SET_RESULTS=@OLD_CHARACTER_SET_RESULTS */;
/*!40101 SET COLLATION_CONNECTION=@OLD_COLLATION_CONNECTION */;
